{"episode_rewards": [5.9996, 3.0, 6.0, 4.9996, 5.9996, 8.0, 4.99955, 2.9992, 1.9996, 7.9995, 8.0, 3.9996, 6.9992, 6.0, 7.0, 6.9996, 2.9988, 4.0, 8.0, 3.9992, 5.9996, 4.0, 8.0, 3.99995, 4.0, 4.0, 4.99995, 6.9992, 6.0, 6.0, 7.99995, 5.9996, 1.99995, 7.0, 5.9996, 3.9995, 5.0, 5.99995, 5.0, 5.0, 6.0, 7.99995, 8.0, 6.0, 6.0, 8.0, 6.0, 8.0, 5.9996, 7.0, 8.0, 6.0, 6.9996, 6.0, 7.99875, 5.99995, 3.0, 7.99995, 6.99995, 6.9996, 4.9996, 6.0, 7.9999, 6.99995, 4.0, 4.99995, 3.9996, 5.99915, 2.99955, 8.0, 7.9996, 7.9996, 6.0, 6.0, 7.9996, 7.0, 8.0, 5.99995, 3.0, 3.0, 7.0, 8.0, 5.0, 6.0, 7.9996, 5.0, 6.0, 8.0, 7.99995, 7.0, 6.0, 5.99995, 4.0, 5.9992, 6.0, 7.9996, 7.99995, 7.0, 6.0, 5.9996], "episode_fill_rates": [0.875, 0.625, 0.875, 0.75, 0.875, 1.0, 0.75, 0.625, 0.5, 1.0, 1.0, 0.75, 0.875, 0.875, 0.875, 0.875, 0.625, 0.75, 1.0, 0.75, 0.875, 0.75, 1.0, 0.75, 0.75, 0.75, 0.75, 0.875, 0.875, 0.875, 1.0, 0.875, 0.625, 0.875, 0.875, 0.75, 0.75, 0.75, 0.75, 0.75, 0.875, 1.0, 1.0, 0.875, 0.875, 1.0, 0.875, 1.0, 0.875, 0.875, 1.0, 0.875, 0.875, 0.875, 1.0, 0.875, 0.625, 1.0, 0.875, 0.875, 0.75, 0.875, 1.0, 0.875, 0.75, 0.75, 0.75, 0.875, 0.625, 1.0, 1.0, 1.0, 0.875, 0.875, 1.0, 0.875, 1.0, 0.875, 0.625, 0.625, 0.875, 1.0, 0.75, 0.875, 1.0, 0.75, 0.875, 1.0, 1.0, 0.875, 0.875, 0.875, 0.75, 0.75, 0.875, 1.0, 1.0, 0.875, 0.875, 0.875], "episode_accuracies": [1.0, 1.0, 1.0, 1.0, 1.0, 1.0, 1.0, 1.0, 1.0, 1.0, 1.0, 1.0, 1.0, 1.0, 1.0, 1.0, 1.0, 1.0, 1.0, 1.0, 1.0, 1.0, 1.0, 1.0, 1.0, 1.0, 1.0, 1.0, 1.0, 1.0, 1.0, 1.0, 1.0, 1.0, 1.0, 1.0, 1.0, 1.0, 1.0, 1.0, 1.0, 1.0, 1.0, 1.0, 1.0, 1.0, 1.0, 1.0, 1.0, 1.0, 1.0, 1.0, 1.0, 1.0, 1.0, 1.0, 1.0, 1.0, 1.0, 1.0, 1.0, 1.0, 1.0, 1.0, 1.0, 1.0, 1.0, 1.0, 1.0, 1.0, 1.0, 1.0, 1.0, 1.0, 1.0, 1.0, 1.0, 1.0, 1.0, 1.0, 1.0, 1.0, 1.0, 1.0, 1.0, 1.0, 1.0, 1.0, 1.0, 1.0, 1.0, 1.0, 1.0, 1.0, 1.0, 1.0, 1.0, 1.0, 1.0, 1.0], "episode_budgets": [0.00135, 0.0006500000000000001, 0.0012000000000000001, 0.0007500000000000001, 0.0029, 0.0021999999999999997, 0.00215, 0.0032500000000000007, 0.00245, 0.0039499999999999995, 0.0021500000000000004, 0.0010999999999999998, 0.0036, 0.00115, 0.00165, 0.0019499999999999997, 0.0024500000000000004, 0.0023, 0.0044, 0.0012000000000000001, 0.0010000000000000002, 0.0013, 0.0015, 0.0023500000000000005, 0.0006000000000000001, 0.0013000000000000002, 0.0008500000000000001, 0.00395, 0.0007500000000000001, 0.00055, 0.00345, 0.0016, 0.00035, 0.0026500000000000004, 0.0034000000000000007, 0.0011, 0.0016, 0.00215, 0.0025, 0.0015, 0.0023, 0.0024000000000000002, 0.00615, 0.00015000000000000001, 0.00345, 0.0045000000000000005, 0.0026, 0.0011, 0.0022, 0.0023, 0.0027000000000000006, 0.0012499999999999998, 0.001, 0.004200000000000001, 0.00485, 0.0032, 0.0031, 0.0021999999999999997, 0.00415, 0.004, 0.0038000000000000004, 0.0012000000000000001, 0.0032, 0.0019000000000000002, 0.0022, 0.0008000000000000001, 0.0026, 0.00155, 0.0009000000000000001, 0.0007, 0.0013000000000000002, 0.0008, 0.0027500000000000003, 0.0031999999999999997, 0.0034000000000000002, 0.0041, 0.00265, 0.00355, 0.00030000000000000003, 0.00185, 0.0008000000000000001, 0.0017500000000000003, 0.0001, 0.00225, 0.0026500000000000004, 0.0022, 0.00425, 0.0033, 0.0026, 0.0029500000000000004, 0.0015, 0.0022000000000000006, 0.0019500000000000001, 0.0027, 0.0042, 0.00095, 0.0032000000000000006, 0.00265, 0.0033000000000000004, 0.0027], "episode_latencies": [10.010000944137573, 6.105455493927002, 6.152367973327636, 6.160140180587768, 7.263955116271972, 9.265007019042967, 8.202626180648803, 5.201347780227661, 4.200605821609497, 12.813562202453612, 4.753363132476807, 9.05506091117859, 1.9000000000000001, 5.6, 8.210832786560058, 9.609395122528076, 6.505119800567627, 3.3, 0.6, 6.155302667617797, 5.75341510772705, 5.20172209739685, 5.305316019058227, 7.302196073532104, 6.615265941619873, 5.2051109790802, 4.7050780773162835, 7.804166364669799, 7.105108833312988, 5.755348205566406, 4.504832983016966, 10.608832216262817, 7.103377914428711, 4.30411295890808, 4.75, 11.109494304656984, 4.731169891357422, 8.262353658676147, 4.754823923110961, 6.661897563934326, 5.30170922279358, 10.812754201889039, 2.15, 11.569544363021851, 6.310278224945068, 5.902847909927368, 6.808663892745971, 13.062072324752808, 3.30510287284851, 5.305117893218993, 5.8010509490966795, 12.669629240036011, 3.75, 3.45, 9.352885103225708, 7.860768890380858, 3.3000000000000003, 6.755573987960815, 7.4051882266998295, 3.405092144012451, 5.302264976501465, 8.217996072769164, 10.305059957504273, 4.3, 4.307508039474487, 6.152545833587646, 5.751833200454712, 12.608843660354616, 10.506529092788696, 9.618512725830078, 9.263024091720581, 9.665487194061278, 2.3500000000000005, 4.407780790328979, 5.809102821350097, 4.458816957473755, 7.255124092102051, 8.862022733688354, 5.104596948623657, 6.610221242904663, 5.654329204559326, 6.259801387786864, 15.023523569107056, 5.808761882781982, 10.313172626495362, 6.313707876205443, 2.0, 9.407335901260375, 3.95, 4.753958940505981, 2.350140666961669, 12.709393453598022, 6.659330987930297, 6.16024317741394, 4.5085787773132315, 13.51538896560669, 9.86404309272766, 6.30206422805786, 3.4000000000000004, 4.860159969329833]}