{
  "episode": 200,
  "training_analytics": {
    "rewards": [
      -1.953,
      -14.075000000000003,
      -0.4521333333333346,
      -1.214,
      1.011533333333333,
      -1.8519999999999999,
      7.164999999999999,
      18.086818181818185,
      -1.057,
      1.7127714285714284,
      -3.1390000000000002,
      7.979733333333332,
      -4.257000000000001,
      6.0531999999999995,
      5.26,
      2.443978947368421,
      -23.5,
      -20.1,
      -20.1,
      -20.1,
      -20.1,
      -20.1,
      -20.1,
      -20.1,
      -20.1,
      -20.1,
      -20.1,
      -20.1,
      -20.1,
      -20.1,
      -20.1,
      -20.1,
      -20.1,
      -20.1,
      -20.1,
      -20.1,
      -20.1,
      -20.1,
      -20.1,
      -20.1,
      -20.1,
      -20.1,
      -20.1,
      -20.1,
      -20.1,
      -20.1,
      -20.1,
      -20.1,
      -20.1,
      -20.1,
      -20.1,
      -20.1,
      -20.1,
      -20.1,
      -20.1,
      -20.1,
      -20.1,
      -20.1,
      -20.1,
      -20.1,
      -20.1,
      -20.1,
      -20.1,
      -20.1,
      -20.1,
      -20.1,
      -20.1,
      -20.1,
      -20.1,
      -20.1,
      -20.1,
      -20.1,
      -20.1,
      -20.1,
      -20.1,
      -20.1,
      -20.1,
      -20.1,
      -20.1,
      -20.1,
      -20.1,
      -20.1,
      -20.1,
      -20.1,
      -20.1,
      -20.1,
      -20.1,
      -20.1,
      -20.1,
      -20.1,
      -20.1,
      -20.1,
      -20.1,
      -20.1,
      -20.1,
      -20.1,
      -20.1,
      -20.1,
      -20.1,
      -20.1,
      -20.1,
      -20.1,
      -20.1,
      -20.1,
      -20.1,
      -20.1,
      -20.1,
      -20.1,
      -20.1,
      -20.1,
      -20.1,
      -20.1,
      -20.1,
      -20.1,
      -20.1,
      -20.1,
      -20.1,
      -20.1,
      -20.1,
      -20.1,
      -20.1,
      -20.1,
      -20.1,
      -20.1,
      -20.1,
      -20.1,
      -20.1,
      -20.1,
      -20.1,
      -20.1,
      -20.1,
      -20.1,
      -20.1,
      -20.1,
      -20.1,
      -20.1,
      -20.1,
      -20.1,
      -20.1,
      -20.1,
      -20.1,
      -20.1,
      -20.1,
      -20.1,
      -20.1,
      -20.1,
      -20.1,
      -20.1,
      -20.1,
      -20.1,
      -20.1,
      -20.1,
      -20.1,
      -20.1,
      -20.1,
      -20.1,
      -20.1,
      -20.1,
      -20.1,
      -20.1,
      -20.1,
      -20.1,
      -20.1,
      -20.1,
      -20.1,
      -20.1,
      -20.1,
      -20.1,
      -20.1,
      -20.1,
      -20.1,
      -20.1,
      -20.1,
      -20.1,
      -20.1,
      -20.1,
      -20.1,
      -20.1,
      -20.1,
      -20.1,
      -20.1,
      -20.1,
      -20.1,
      -20.1,
      -20.1,
      -20.1,
      -20.1,
      -20.1,
      -20.1,
      -20.1,
      -20.1,
      -20.1,
      -20.1,
      -20.1,
      -20.1,
      -20.1,
      -20.1,
      -20.1,
      -20.1,
      -20.1,
      -20.1
    ],
    "costs": [
      0.0208,
      0.02,
      0.020880000000000003,
      0.0204,
      0.02068,
      0.020200000000000003,
      0.010560000000000002,
      0.011120000000000003,
      0.020200000000000003,
      0.02008,
      0.0204,
      0.020360000000000003,
      0.020200000000000003,
      0.020680000000000004,
      0.00036,
      0.02076,
      0.02,
      0.0,
      0.0,
      0.0,
      0.0,
      0.0,
      0.0,
      0.0,
      0.0,
      0.0,
      0.0,
      0.0,
      0.0,
      0.0,
      0.0,
      0.0,
      0.0,
      0.0,
      0.0,
      0.0,
      0.0,
      0.0,
      0.0,
      0.0,
      0.0,
      0.0,
      0.0,
      0.0,
      0.0,
      0.0,
      0.0,
      0.0,
      0.0,
      0.0,
      0.0,
      0.0,
      0.0,
      0.0,
      0.0,
      0.0,
      0.0,
      0.0,
      0.0,
      0.0,
      0.0,
      0.0,
      0.0,
      0.0,
      0.0,
      0.0,
      0.0,
      0.0,
      0.0,
      0.0,
      0.0,
      0.0,
      0.0,
      0.0,
      0.0,
      0.0,
      0.0,
      0.0,
      0.0,
      0.0,
      0.0,
      0.0,
      0.0,
      0.0,
      0.0,
      0.0,
      0.0,
      0.0,
      0.0,
      0.0,
      0.0,
      0.0,
      0.0,
      0.0,
      0.0,
      0.0,
      0.0,
      0.0,
      0.0,
      0.0,
      0.0,
      0.0,
      0.0,
      0.0,
      0.0,
      0.0,
      0.0,
      0.0,
      0.0,
      0.0,
      0.0,
      0.0,
      0.0,
      0.0,
      0.0,
      0.0,
      0.0,
      0.0,
      0.0,
      0.0,
      0.0,
      0.0,
      0.0,
      0.0,
      0.0,
      0.0,
      0.0,
      0.0,
      0.0,
      0.0,
      0.0,
      0.0,
      0.0,
      0.0,
      0.0,
      0.0,
      0.0,
      0.0,
      0.0,
      0.0,
      0.0,
      0.0,
      0.0,
      0.0,
      0.0,
      0.0,
      0.0,
      0.0,
      0.0,
      0.0,
      0.0,
      0.0,
      0.0,
      0.0,
      0.0,
      0.0,
      0.0,
      0.0,
      0.0,
      0.0,
      0.0,
      0.0,
      0.0,
      0.0,
      0.0,
      0.0,
      0.0,
      0.0,
      0.0,
      0.0,
      0.0,
      0.0,
      0.0,
      0.0,
      0.0,
      0.0,
      0.0,
      0.0,
      0.0,
      0.0,
      0.0,
      0.0,
      0.0,
      0.0,
      0.0,
      0.0,
      0.0,
      0.0,
      0.0,
      0.0,
      0.0,
      0.0,
      0.0,
      0.0,
      0.0,
      0.0,
      0.0,
      0.0,
      0.0,
      0.0,
      0.0
    ],
    "latencies": [
      6.0,
      2.0,
      6.5,
      4.0,
      5.5,
      3.0,
      4.0,
      7.0,
      3.0,
      2.5,
      4.0,
      4.0,
      3.0,
      5.5,
      2.0,
      6.0,
      2.0,
      0.0,
      0.0,
      0.0,
      0.0,
      0.0,
      0.0,
      0.0,
      0.0,
      0.0,
      0.0,
      0.0,
      0.0,
      0.0,
      0.0,
      0.0,
      0.0,
      0.0,
      0.0,
      0.0,
      0.0,
      0.0,
      0.0,
      0.0,
      0.0,
      0.0,
      0.0,
      0.0,
      0.0,
      0.0,
      0.0,
      0.0,
      0.0,
      0.0,
      0.0,
      0.0,
      0.0,
      0.0,
      0.0,
      0.0,
      0.0,
      0.0,
      0.0,
      0.0,
      0.0,
      0.0,
      0.0,
      0.0,
      0.0,
      0.0,
      0.0,
      0.0,
      0.0,
      0.0,
      0.0,
      0.0,
      0.0,
      0.0,
      0.0,
      0.0,
      0.0,
      0.0,
      0.0,
      0.0,
      0.0,
      0.0,
      0.0,
      0.0,
      0.0,
      0.0,
      0.0,
      0.0,
      0.0,
      0.0,
      0.0,
      0.0,
      0.0,
      0.0,
      0.0,
      0.0,
      0.0,
      0.0,
      0.0,
      0.0,
      0.0,
      0.0,
      0.0,
      0.0,
      0.0,
      0.0,
      0.0,
      0.0,
      0.0,
      0.0,
      0.0,
      0.0,
      0.0,
      0.0,
      0.0,
      0.0,
      0.0,
      0.0,
      0.0,
      0.0,
      0.0,
      0.0,
      0.0,
      0.0,
      0.0,
      0.0,
      0.0,
      0.0,
      0.0,
      0.0,
      0.0,
      0.0,
      0.0,
      0.0,
      0.0,
      0.0,
      0.0,
      0.0,
      0.0,
      0.0,
      0.0,
      0.0,
      0.0,
      0.0,
      0.0,
      0.0,
      0.0,
      0.0,
      0.0,
      0.0,
      0.0,
      0.0,
      0.0,
      0.0,
      0.0,
      0.0,
      0.0,
      0.0,
      0.0,
      0.0,
      0.0,
      0.0,
      0.0,
      0.0,
      0.0,
      0.0,
      0.0,
      0.0,
      0.0,
      0.0,
      0.0,
      0.0,
      0.0,
      0.0,
      0.0,
      0.0,
      0.0,
      0.0,
      0.0,
      0.0,
      0.0,
      0.0,
      0.0,
      0.0,
      0.0,
      0.0,
      0.0,
      0.0,
      0.0,
      0.0,
      0.0,
      0.0,
      0.0,
      0.0,
      0.0,
      0.0,
      0.0,
      0.0,
      0.0,
      0.0,
      0.0
    ],